pain_score,count,percentage
0,2298,60.283315844700944
1,843,22.114375655823714
2,671,17.602308499475342
