,predicted_No Pain,predicted_Moderate Pain,predicted_Severe Pain
true_No Pain,0.7848360655737705,0.1680327868852459,0.0471311475409836
true_Moderate Pain,0.25339366515837103,0.5203619909502263,0.22624434389140272
true_Severe Pain,0.20772946859903382,0.2898550724637681,0.5024154589371981
